,0
0,https://beacon.schneidercorp.com/Application.aspx?AppID=165&LayerID=2145&PageTypeID=4&PageID=1108&KeyValue=106100240
1,https://beacon.schneidercorp.com/Application.aspx?AppID=165&LayerID=2145&PageTypeID=4&PageID=1108&KeyValue=105100105
2,https://beacon.schneidercorp.com/Application.aspx?AppID=165&LayerID=2145&PageTypeID=4&PageID=1108&KeyValue=0101100101
3,https://beacon.schneidercorp.com/Application.aspx?AppID=165&LayerID=2145&PageTypeID=4&PageID=1108&KeyValue=0106300480
4,https://beacon.schneidercorp.com/Application.aspx?AppID=165&LayerID=2145&PageTypeID=4&PageID=1108&KeyValue=0107200100
5,https://beacon.schneidercorp.com/Application.aspx?AppID=165&LayerID=2145&PageTypeID=4&PageID=1108&KeyValue=0104300350
6,https://beacon.schneidercorp.com/Application.aspx?AppID=165&LayerID=2145&PageTypeID=4&PageID=1108&KeyValue=0109100115
7,https://beacon.schneidercorp.com/Application.aspx?AppID=165&LayerID=2145&PageTypeID=4&PageID=1108&KeyValue=0103300400
8,https://beacon.schneidercorp.com/Application.aspx?AppID=165&LayerID=2145&PageTypeID=4&PageID=1108&KeyValue=0110200135
9,https://beacon.schneidercorp.com/Application.aspx?AppID=165&LayerID=2145&PageTypeID=4&PageID=1108&KeyValue=0111226210
10,https://beacon.schneidercorp.com/Application.aspx?AppID=165&LayerID=2145&PageTypeID=4&PageID=1108&KeyValue=0111300360
11,https://beacon.schneidercorp.com/Application.aspx?AppID=165&LayerID=2145&PageTypeID=4&PageID=1108&KeyValue=0111300350
12,https://beacon.schneidercorp.com/Application.aspx?AppID=165&LayerID=2145&PageTypeID=4&PageID=1108&KeyValue=0111100380
13,https://beacon.schneidercorp.com/Application.aspx?AppID=165&LayerID=2145&PageTypeID=4&PageID=1108&KeyValue=0111100440
14,https://beacon.schneidercorp.com/Application.aspx?AppID=165&LayerID=2145&PageTypeID=4&PageID=1108&KeyValue=0111300240
15,https://beacon.schneidercorp.com/Application.aspx?AppID=165&LayerID=2145&PageTypeID=4&PageID=1108&KeyValue=0108300350
16,https://beacon.schneidercorp.com/Application.aspx?AppID=165&LayerID=2145&PageTypeID=4&PageID=1108&KeyValue=0116200125
17,https://beacon.schneidercorp.com/Application.aspx?AppID=165&LayerID=2145&PageTypeID=4&PageID=1108&KeyValue=0116200105
18,https://beacon.schneidercorp.com/Application.aspx?AppID=165&LayerID=2145&PageTypeID=4&PageID=1108&KeyValue=0115100125
19,https://beacon.schneidercorp.com/Application.aspx?AppID=165&LayerID=2145&PageTypeID=4&PageID=1108&KeyValue=0114100125
20,https://beacon.schneidercorp.com/Application.aspx?AppID=165&LayerID=2145&PageTypeID=4&PageID=1108&KeyValue=0114200120
21,https://beacon.schneidercorp.com/Application.aspx?AppID=165&LayerID=2145&PageTypeID=4&PageID=1108&KeyValue=0119100210
22,https://beacon.schneidercorp.com/Application.aspx?AppID=165&LayerID=2145&PageTypeID=4&PageID=1108&KeyValue=0117300355
23,https://beacon.schneidercorp.com/Application.aspx?AppID=165&LayerID=2145&PageTypeID=4&PageID=1108&KeyValue=0120100200
24,https://beacon.schneidercorp.com/Application.aspx?AppID=165&LayerID=2145&PageTypeID=4&PageID=1108&KeyValue=0114400370
25,https://beacon.schneidercorp.com/Application.aspx?AppID=165&LayerID=2145&PageTypeID=4&PageID=1108&KeyValue=0124100100
26,https://beacon.schneidercorp.com/Application.aspx?AppID=165&LayerID=2145&PageTypeID=4&PageID=1108&KeyValue=0121300350
27,https://beacon.schneidercorp.com/Application.aspx?AppID=165&LayerID=2145&PageTypeID=4&PageID=1108&KeyValue=0121300350
28,https://beacon.schneidercorp.com/Application.aspx?AppID=165&LayerID=2145&PageTypeID=4&PageID=1108&KeyValue=0121400355
29,https://beacon.schneidercorp.com/Application.aspx?AppID=165&LayerID=2145&PageTypeID=4&PageID=1108&KeyValue=0122300460
30,https://beacon.schneidercorp.com/Application.aspx?AppID=165&LayerID=2145&PageTypeID=4&PageID=1108&KeyValue=0126200110
31,https://beacon.schneidercorp.com/Application.aspx?AppID=165&LayerID=2145&PageTypeID=4&PageID=1108&KeyValue=0130300350
32,https://beacon.schneidercorp.com/Application.aspx?AppID=165&LayerID=2145&PageTypeID=4&PageID=1108&KeyValue=0131100230
33,https://beacon.schneidercorp.com/Application.aspx?AppID=165&LayerID=2145&PageTypeID=4&PageID=1108&KeyValue=0130300460
34,https://beacon.schneidercorp.com/Application.aspx?AppID=165&LayerID=2145&PageTypeID=4&PageID=1108&KeyValue=0130300490
35,https://beacon.schneidercorp.com/Application.aspx?AppID=165&LayerID=2145&PageTypeID=4&PageID=1108&KeyValue=0133100225
36,https://beacon.schneidercorp.com/Application.aspx?AppID=165&LayerID=2145&PageTypeID=4&PageID=1108&KeyValue=0128400365
37,https://beacon.schneidercorp.com/Application.aspx?AppID=165&LayerID=2145&PageTypeID=4&PageID=1108&KeyValue=0136200210
38,https://beacon.schneidercorp.com/Application.aspx?AppID=165&LayerID=2145&PageTypeID=4&PageID=1108&KeyValue=0136400400
39,https://beacon.schneidercorp.com/Application.aspx?AppID=165&LayerID=2145&PageTypeID=4&PageID=1108&KeyValue=0114200205
40,https://beacon.schneidercorp.com/Application.aspx?AppID=165&LayerID=2145&PageTypeID=4&PageID=1108&KeyValue=0112375360
41,https://beacon.schneidercorp.com/Application.aspx?AppID=165&LayerID=2145&PageTypeID=4&PageID=1108&KeyValue=0112375400
42,https://beacon.schneidercorp.com/Application.aspx?AppID=165&LayerID=2145&PageTypeID=4&PageID=1108&KeyValue=0112455590
43,https://beacon.schneidercorp.com/Application.aspx?AppID=165&LayerID=2145&PageTypeID=4&PageID=1108&KeyValue=0112320130
44,https://beacon.schneidercorp.com/Application.aspx?AppID=165&LayerID=2145&PageTypeID=4&PageID=1108&KeyValue=0112320170
45,https://beacon.schneidercorp.com/Application.aspx?AppID=165&LayerID=2145&PageTypeID=4&PageID=1108&KeyValue=0112315650
46,https://beacon.schneidercorp.com/Application.aspx?AppID=165&LayerID=2145&PageTypeID=4&PageID=1108&KeyValue=0112315660
47,https://beacon.schneidercorp.com/Application.aspx?AppID=165&LayerID=2145&PageTypeID=4&PageID=1108&KeyValue=0112315705
48,https://beacon.schneidercorp.com/Application.aspx?AppID=165&LayerID=2145&PageTypeID=4&PageID=1108&KeyValue=0112320235
49,https://beacon.schneidercorp.com/Application.aspx?AppID=165&LayerID=2145&PageTypeID=4&PageID=1108&KeyValue=0112315710
50,https://beacon.schneidercorp.com/Application.aspx?AppID=165&LayerID=2145&PageTypeID=4&PageID=1108&KeyValue=0112330500
51,https://beacon.schneidercorp.com/Application.aspx?AppID=165&LayerID=2145&PageTypeID=4&PageID=1108&KeyValue=0112410260
52,https://beacon.schneidercorp.com/Application.aspx?AppID=165&LayerID=2145&PageTypeID=4&PageID=1108&KeyValue=0112450200
53,https://beacon.schneidercorp.com/Application.aspx?AppID=165&LayerID=2145&PageTypeID=4&PageID=1108&KeyValue=0112410220
54,https://beacon.schneidercorp.com/Application.aspx?AppID=165&LayerID=2145&PageTypeID=4&PageID=1108&KeyValue=0130100320
55,https://beacon.schneidercorp.com/Application.aspx?AppID=165&LayerID=2145&PageTypeID=4&PageID=1108&KeyValue=0131300100
56,https://beacon.schneidercorp.com/Application.aspx?AppID=165&LayerID=2145&PageTypeID=4&PageID=1108&KeyValue=0106400400
57,https://beacon.schneidercorp.com/Application.aspx?AppID=165&LayerID=2145&PageTypeID=4&PageID=1108&KeyValue=0107400450
58,https://beacon.schneidercorp.com/Application.aspx?AppID=165&LayerID=2145&PageTypeID=4&PageID=1108&KeyValue=0118200490
59,https://beacon.schneidercorp.com/Application.aspx?AppID=165&LayerID=2145&PageTypeID=4&PageID=1108&KeyValue=0118400250
60,https://beacon.schneidercorp.com/Application.aspx?AppID=165&LayerID=2145&PageTypeID=4&PageID=1108&KeyValue=0117300325
61,https://beacon.schneidercorp.com/Application.aspx?AppID=165&LayerID=2145&PageTypeID=4&PageID=1108&KeyValue=0119400400
62,https://beacon.schneidercorp.com/Application.aspx?AppID=165&LayerID=2145&PageTypeID=4&PageID=1108&KeyValue=0129100150
63,https://beacon.schneidercorp.com/Application.aspx?AppID=165&LayerID=2145&PageTypeID=4&PageID=1108&KeyValue=0132300110
64,https://beacon.schneidercorp.com/Application.aspx?AppID=165&LayerID=2145&PageTypeID=4&PageID=1108&KeyValue=0132300110
65,https://beacon.schneidercorp.com/Application.aspx?AppID=165&LayerID=2145&PageTypeID=4&PageID=1108&KeyValue=0103300150
66,https://beacon.schneidercorp.com/Application.aspx?AppID=165&LayerID=2145&PageTypeID=4&PageID=1108&KeyValue=0116400110
67,https://beacon.schneidercorp.com/Application.aspx?AppID=165&LayerID=2145&PageTypeID=4&PageID=1108&KeyValue=0115300350
68,https://beacon.schneidercorp.com/Application.aspx?AppID=165&LayerID=2145&PageTypeID=4&PageID=1108&KeyValue=0122100100
69,https://beacon.schneidercorp.com/Application.aspx?AppID=165&LayerID=2145&PageTypeID=4&PageID=1108&KeyValue=0121200440
70,https://beacon.schneidercorp.com/Application.aspx?AppID=165&LayerID=2145&PageTypeID=4&PageID=1108&KeyValue=0125300365
71,https://beacon.schneidercorp.com/Application.aspx?AppID=165&LayerID=2145&PageTypeID=4&PageID=1108&KeyValue=0135200245
72,https://beacon.schneidercorp.com/Application.aspx?AppID=165&LayerID=2145&PageTypeID=4&PageID=1108&KeyValue=0136100305
73,https://beacon.schneidercorp.com/Application.aspx?AppID=165&LayerID=2145&PageTypeID=4&PageID=1108&KeyValue=0135200480
74,https://beacon.schneidercorp.com/Application.aspx?AppID=165&LayerID=2145&PageTypeID=4&PageID=1108&KeyValue=0135400200
75,https://beacon.schneidercorp.com/Application.aspx?AppID=165&LayerID=2145&PageTypeID=4&PageID=1108&KeyValue=0101200405
76,https://beacon.schneidercorp.com/Application.aspx?AppID=165&LayerID=2145&PageTypeID=4&PageID=1108&KeyValue=0101400250
77,https://beacon.schneidercorp.com/Application.aspx?AppID=165&LayerID=2145&PageTypeID=4&PageID=1108&KeyValue=0125200480
78,https://beacon.schneidercorp.com/Application.aspx?AppID=165&LayerID=2145&PageTypeID=4&PageID=1108&KeyValue=0136400260
79,https://beacon.schneidercorp.com/Application.aspx?AppID=165&LayerID=2145&PageTypeID=4&PageID=1108&KeyValue=0112250255
80,https://beacon.schneidercorp.com/Application.aspx?AppID=165&LayerID=2145&PageTypeID=4&PageID=1108&KeyValue=0112155210
81,https://beacon.schneidercorp.com/Application.aspx?AppID=165&LayerID=2145&PageTypeID=4&PageID=1108&KeyValue=0112155220
82,https://beacon.schneidercorp.com/Application.aspx?AppID=165&LayerID=2145&PageTypeID=4&PageID=1108&KeyValue=0112155230
83,https://beacon.schneidercorp.com/Application.aspx?AppID=165&LayerID=2145&PageTypeID=4&PageID=1108&KeyValue=0112155240
84,https://beacon.schneidercorp.com/Application.aspx?AppID=165&LayerID=2145&PageTypeID=4&PageID=1108&KeyValue=0112155250
85,https://beacon.schneidercorp.com/Application.aspx?AppID=165&LayerID=2145&PageTypeID=4&PageID=1108&KeyValue=0112169210
86,https://beacon.schneidercorp.com/Application.aspx?AppID=165&LayerID=2145&PageTypeID=4&PageID=1108&KeyValue=0112169220
87,https://beacon.schneidercorp.com/Application.aspx?AppID=165&LayerID=2145&PageTypeID=4&PageID=1108&KeyValue=0112169235
88,https://beacon.schneidercorp.com/Application.aspx?AppID=165&LayerID=2145&PageTypeID=4&PageID=1108&KeyValue=0112176220
89,https://beacon.schneidercorp.com/Application.aspx?AppID=165&LayerID=2145&PageTypeID=4&PageID=1108&KeyValue=0112183200
90,https://beacon.schneidercorp.com/Application.aspx?AppID=165&LayerID=2145&PageTypeID=4&PageID=1108&KeyValue=0112183210
91,https://beacon.schneidercorp.com/Application.aspx?AppID=165&LayerID=2145&PageTypeID=4&PageID=1108&KeyValue=0112197100
92,https://beacon.schneidercorp.com/Application.aspx?AppID=165&LayerID=2145&PageTypeID=4&PageID=1108&KeyValue=0112183220
93,https://beacon.schneidercorp.com/Application.aspx?AppID=165&LayerID=2145&PageTypeID=4&PageID=1108&KeyValue=0112260205
94,https://beacon.schneidercorp.com/Application.aspx?AppID=165&LayerID=2145&PageTypeID=4&PageID=1108&KeyValue=0112250225
95,https://beacon.schneidercorp.com/Application.aspx?AppID=165&LayerID=2145&PageTypeID=4&PageID=1108&KeyValue=0112250215
96,https://beacon.schneidercorp.com/Application.aspx?AppID=165&LayerID=2145&PageTypeID=4&PageID=1108&KeyValue=0112315160
97,https://beacon.schneidercorp.com/Application.aspx?AppID=165&LayerID=2145&PageTypeID=4&PageID=1108&KeyValue=0111438250
98,https://beacon.schneidercorp.com/Application.aspx?AppID=165&LayerID=2145&PageTypeID=4&PageID=1108&KeyValue=0111438220
99,https://beacon.schneidercorp.com/Application.aspx?AppID=165&LayerID=2145&PageTypeID=4&PageID=1108&KeyValue=0111438100
100,https://beacon.schneidercorp.com/Application.aspx?AppID=165&LayerID=2145&PageTypeID=4&PageID=1108&KeyValue=0111438100
101,https://beacon.schneidercorp.com/Application.aspx?AppID=165&LayerID=2145&PageTypeID=4&PageID=1108&KeyValue=0112305120
102,https://beacon.schneidercorp.com/Application.aspx?AppID=165&LayerID=2145&PageTypeID=4&PageID=1108&KeyValue=0112305100
103,https://beacon.schneidercorp.com/Application.aspx?AppID=165&LayerID=2145&PageTypeID=4&PageID=1108&KeyValue=0112305140
104,https://beacon.schneidercorp.com/Application.aspx?AppID=165&LayerID=2145&PageTypeID=4&PageID=1108&KeyValue=0112310100
105,https://beacon.schneidercorp.com/Application.aspx?AppID=165&LayerID=2145&PageTypeID=4&PageID=1108&KeyValue=0112310205
106,https://beacon.schneidercorp.com/Application.aspx?AppID=165&LayerID=2145&PageTypeID=4&PageID=1108&KeyValue=0112310110
107,https://beacon.schneidercorp.com/Application.aspx?AppID=165&LayerID=2145&PageTypeID=4&PageID=1108&KeyValue=0112310220
108,https://beacon.schneidercorp.com/Application.aspx?AppID=165&LayerID=2145&PageTypeID=4&PageID=1108&KeyValue=0112310260
109,https://beacon.schneidercorp.com/Application.aspx?AppID=165&LayerID=2145&PageTypeID=4&PageID=1108&KeyValue=0112310150
110,https://beacon.schneidercorp.com/Application.aspx?AppID=165&LayerID=2145&PageTypeID=4&PageID=1108&KeyValue=0112315150
111,https://beacon.schneidercorp.com/Application.aspx?AppID=165&LayerID=2145&PageTypeID=4&PageID=1108&KeyValue=0112315170
112,https://beacon.schneidercorp.com/Application.aspx?AppID=165&LayerID=2145&PageTypeID=4&PageID=1108&KeyValue=0112315330
113,https://beacon.schneidercorp.com/Application.aspx?AppID=165&LayerID=2145&PageTypeID=4&PageID=1108&KeyValue=0112315165
114,https://beacon.schneidercorp.com/Application.aspx?AppID=165&LayerID=2145&PageTypeID=4&PageID=1108&KeyValue=0112315175
115,https://beacon.schneidercorp.com/Application.aspx?AppID=165&LayerID=2145&PageTypeID=4&PageID=1108&KeyValue=0112315185
116,https://beacon.schneidercorp.com/Application.aspx?AppID=165&LayerID=2145&PageTypeID=4&PageID=1108&KeyValue=0112315205
117,https://beacon.schneidercorp.com/Application.aspx?AppID=165&LayerID=2145&PageTypeID=4&PageID=1108&KeyValue=0112325100
118,https://beacon.schneidercorp.com/Application.aspx?AppID=165&LayerID=2145&PageTypeID=4&PageID=1108&KeyValue=0112325270
119,https://beacon.schneidercorp.com/Application.aspx?AppID=165&LayerID=2145&PageTypeID=4&PageID=1108&KeyValue=0112325120
120,https://beacon.schneidercorp.com/Application.aspx?AppID=165&LayerID=2145&PageTypeID=4&PageID=1108&KeyValue=0112325250
121,https://beacon.schneidercorp.com/Application.aspx?AppID=165&LayerID=2145&PageTypeID=4&PageID=1108&KeyValue=0112325140
122,https://beacon.schneidercorp.com/Application.aspx?AppID=165&LayerID=2145&PageTypeID=4&PageID=1108&KeyValue=0112325230
123,https://beacon.schneidercorp.com/Application.aspx?AppID=165&LayerID=2145&PageTypeID=4&PageID=1108&KeyValue=0112325160
124,https://beacon.schneidercorp.com/Application.aspx?AppID=165&LayerID=2145&PageTypeID=4&PageID=1108&KeyValue=0112325170
125,https://beacon.schneidercorp.com/Application.aspx?AppID=165&LayerID=2145&PageTypeID=4&PageID=1108&KeyValue=0112325220
126,https://beacon.schneidercorp.com/Application.aspx?AppID=165&LayerID=2145&PageTypeID=4&PageID=1108&KeyValue=0112325206
127,https://beacon.schneidercorp.com/Application.aspx?AppID=165&LayerID=2145&PageTypeID=4&PageID=1108&KeyValue=0112325185
128,https://beacon.schneidercorp.com/Application.aspx?AppID=165&LayerID=2145&PageTypeID=4&PageID=1108&KeyValue=0112330270
129,https://beacon.schneidercorp.com/Application.aspx?AppID=165&LayerID=2145&PageTypeID=4&PageID=1108&KeyValue=0112331109
130,https://beacon.schneidercorp.com/Application.aspx?AppID=165&LayerID=2145&PageTypeID=4&PageID=1108&KeyValue=0112331120
131,https://beacon.schneidercorp.com/Application.aspx?AppID=165&LayerID=2145&PageTypeID=4&PageID=1108&KeyValue=0112331130
132,https://beacon.schneidercorp.com/Application.aspx?AppID=165&LayerID=2145&PageTypeID=4&PageID=1108&KeyValue=0112331150
133,https://beacon.schneidercorp.com/Application.aspx?AppID=165&LayerID=2145&PageTypeID=4&PageID=1108&KeyValue=0112331210
134,https://beacon.schneidercorp.com/Application.aspx?AppID=165&LayerID=2145&PageTypeID=4&PageID=1108&KeyValue=0112331210
135,https://beacon.schneidercorp.com/Application.aspx?AppID=165&LayerID=2145&PageTypeID=4&PageID=1108&KeyValue=0112331230
136,https://beacon.schneidercorp.com/Application.aspx?AppID=165&LayerID=2145&PageTypeID=4&PageID=1108&KeyValue=0112331250
137,https://beacon.schneidercorp.com/Application.aspx?AppID=165&LayerID=2145&PageTypeID=4&PageID=1108&KeyValue=0112331270
138,https://beacon.schneidercorp.com/Application.aspx?AppID=165&LayerID=2145&PageTypeID=4&PageID=1108&KeyValue=0112331310
139,https://beacon.schneidercorp.com/Application.aspx?AppID=165&LayerID=2145&PageTypeID=4&PageID=1108&KeyValue=0112331340
140,https://beacon.schneidercorp.com/Application.aspx?AppID=165&LayerID=2145&PageTypeID=4&PageID=1108&KeyValue=0112331360
141,https://beacon.schneidercorp.com/Application.aspx?AppID=165&LayerID=2145&PageTypeID=4&PageID=1108&KeyValue=0112331370
142,https://beacon.schneidercorp.com/Application.aspx?AppID=165&LayerID=2145&PageTypeID=4&PageID=1108&KeyValue=0112331380
143,https://beacon.schneidercorp.com/Application.aspx?AppID=165&LayerID=2145&PageTypeID=4&PageID=1108&KeyValue=0112330240
144,https://beacon.schneidercorp.com/Application.aspx?AppID=165&LayerID=2145&PageTypeID=4&PageID=1108&KeyValue=0112330150
145,https://beacon.schneidercorp.com/Application.aspx?AppID=165&LayerID=2145&PageTypeID=4&PageID=1108&KeyValue=0112330160
146,https://beacon.schneidercorp.com/Application.aspx?AppID=165&LayerID=2145&PageTypeID=4&PageID=1108&KeyValue=0112330220
147,https://beacon.schneidercorp.com/Application.aspx?AppID=165&LayerID=2145&PageTypeID=4&PageID=1108&KeyValue=0112335250
148,https://beacon.schneidercorp.com/Application.aspx?AppID=165&LayerID=2145&PageTypeID=4&PageID=1108&KeyValue=0112335160
149,https://beacon.schneidercorp.com/Application.aspx?AppID=165&LayerID=2145&PageTypeID=4&PageID=1108&KeyValue=0112405120
150,https://beacon.schneidercorp.com/Application.aspx?AppID=165&LayerID=2145&PageTypeID=4&PageID=1108&KeyValue=0112405140
151,https://beacon.schneidercorp.com/Application.aspx?AppID=165&LayerID=2145&PageTypeID=4&PageID=1108&KeyValue=0112401210
152,https://beacon.schneidercorp.com/Application.aspx?AppID=165&LayerID=2145&PageTypeID=4&PageID=1108&KeyValue=0112401200
153,https://beacon.schneidercorp.com/Application.aspx?AppID=165&LayerID=2145&PageTypeID=4&PageID=1108&KeyValue=0112331280
154,https://beacon.schneidercorp.com/Application.aspx?AppID=165&LayerID=2145&PageTypeID=4&PageID=1108&KeyValue=0112350210
155,https://beacon.schneidercorp.com/Application.aspx?AppID=165&LayerID=2145&PageTypeID=4&PageID=1108&KeyValue=0112350170
156,https://beacon.schneidercorp.com/Application.aspx?AppID=165&LayerID=2145&PageTypeID=4&PageID=1108&KeyValue=0112350535
157,https://beacon.schneidercorp.com/Application.aspx?AppID=165&LayerID=2145&PageTypeID=4&PageID=1108&KeyValue=0112350570
158,https://beacon.schneidercorp.com/Application.aspx?AppID=165&LayerID=2145&PageTypeID=4&PageID=1108&KeyValue=0112350455
159,https://beacon.schneidercorp.com/Application.aspx?AppID=165&LayerID=2145&PageTypeID=4&PageID=1108&KeyValue=0112355150
160,https://beacon.schneidercorp.com/Application.aspx?AppID=165&LayerID=2145&PageTypeID=4&PageID=1108&KeyValue=0112355600
161,https://beacon.schneidercorp.com/Application.aspx?AppID=165&LayerID=2145&PageTypeID=4&PageID=1108&KeyValue=0112355600
162,https://beacon.schneidercorp.com/Application.aspx?AppID=165&LayerID=2145&PageTypeID=4&PageID=1108&KeyValue=0112375570
163,https://beacon.schneidercorp.com/Application.aspx?AppID=165&LayerID=2145&PageTypeID=4&PageID=1108&KeyValue=0112380150
164,https://beacon.schneidercorp.com/Application.aspx?AppID=165&LayerID=2145&PageTypeID=4&PageID=1108&KeyValue=0112380200
165,https://beacon.schneidercorp.com/Application.aspx?AppID=165&LayerID=2145&PageTypeID=4&PageID=1108&KeyValue=0112385150
166,https://beacon.schneidercorp.com/Application.aspx?AppID=165&LayerID=2145&PageTypeID=4&PageID=1108&KeyValue=0112385200
167,https://beacon.schneidercorp.com/Application.aspx?AppID=165&LayerID=2145&PageTypeID=4&PageID=1108&KeyValue=0112455110
168,https://beacon.schneidercorp.com/Application.aspx?AppID=165&LayerID=2145&PageTypeID=4&PageID=1108&KeyValue=0112450300
169,https://beacon.schneidercorp.com/Application.aspx?AppID=165&LayerID=2145&PageTypeID=4&PageID=1108&KeyValue=0112450290
170,https://beacon.schneidercorp.com/Application.aspx?AppID=165&LayerID=2145&PageTypeID=4&PageID=1108&KeyValue=0112275170
171,https://beacon.schneidercorp.com/Application.aspx?AppID=165&LayerID=2145&PageTypeID=4&PageID=1108&KeyValue=0112275155
172,https://beacon.schneidercorp.com/Application.aspx?AppID=165&LayerID=2145&PageTypeID=4&PageID=1108&KeyValue=0112275140
173,https://beacon.schneidercorp.com/Application.aspx?AppID=165&LayerID=2145&PageTypeID=4&PageID=1108&KeyValue=0112275195
174,https://beacon.schneidercorp.com/Application.aspx?AppID=165&LayerID=2145&PageTypeID=4&PageID=1108&KeyValue=0112275205
175,https://beacon.schneidercorp.com/Application.aspx?AppID=165&LayerID=2145&PageTypeID=4&PageID=1108&KeyValue=0112275225
176,https://beacon.schneidercorp.com/Application.aspx?AppID=165&LayerID=2145&PageTypeID=4&PageID=1108&KeyValue=0112275235
177,https://beacon.schneidercorp.com/Application.aspx?AppID=165&LayerID=2145&PageTypeID=4&PageID=1108&KeyValue=0112235110
178,https://beacon.schneidercorp.com/Application.aspx?AppID=165&LayerID=2145&PageTypeID=4&PageID=1108&KeyValue=0112230120
179,https://beacon.schneidercorp.com/Application.aspx?AppID=165&LayerID=2145&PageTypeID=4&PageID=1108&KeyValue=0112230140
180,https://beacon.schneidercorp.com/Application.aspx?AppID=165&LayerID=2145&PageTypeID=4&PageID=1108&KeyValue=0112235140
181,https://beacon.schneidercorp.com/Application.aspx?AppID=165&LayerID=2145&PageTypeID=4&PageID=1108&KeyValue=0112230150
182,https://beacon.schneidercorp.com/Application.aspx?AppID=165&LayerID=2145&PageTypeID=4&PageID=1108&KeyValue=0112235150
183,https://beacon.schneidercorp.com/Application.aspx?AppID=165&LayerID=2145&PageTypeID=4&PageID=1108&KeyValue=0112230160
184,https://beacon.schneidercorp.com/Application.aspx?AppID=165&LayerID=2145&PageTypeID=4&PageID=1108&KeyValue=0112230200
185,https://beacon.schneidercorp.com/Application.aspx?AppID=165&LayerID=2145&PageTypeID=4&PageID=1108&KeyValue=0112235200
186,https://beacon.schneidercorp.com/Application.aspx?AppID=165&LayerID=2145&PageTypeID=4&PageID=1108&KeyValue=0112230220
187,https://beacon.schneidercorp.com/Application.aspx?AppID=165&LayerID=2145&PageTypeID=4&PageID=1108&KeyValue=0112455300
188,https://beacon.schneidercorp.com/Application.aspx?AppID=165&LayerID=2145&PageTypeID=4&PageID=1108&KeyValue=0112455320
189,https://beacon.schneidercorp.com/Application.aspx?AppID=165&LayerID=2145&PageTypeID=4&PageID=1108&KeyValue=0112455570
190,https://beacon.schneidercorp.com/Application.aspx?AppID=165&LayerID=2145&PageTypeID=4&PageID=1108&KeyValue=0112455560
191,https://beacon.schneidercorp.com/Application.aspx?AppID=165&LayerID=2145&PageTypeID=4&PageID=1108&KeyValue=0112455340
192,https://beacon.schneidercorp.com/Application.aspx?AppID=165&LayerID=2145&PageTypeID=4&PageID=1108&KeyValue=0112455550
193,https://beacon.schneidercorp.com/Application.aspx?AppID=165&LayerID=2145&PageTypeID=4&PageID=1108&KeyValue=0112455530
194,https://beacon.schneidercorp.com/Application.aspx?AppID=165&LayerID=2145&PageTypeID=4&PageID=1108&KeyValue=0112455520
195,https://beacon.schneidercorp.com/Application.aspx?AppID=165&LayerID=2145&PageTypeID=4&PageID=1108&KeyValue=0112455440
196,https://beacon.schneidercorp.com/Application.aspx?AppID=165&LayerID=2145&PageTypeID=4&PageID=1108&KeyValue=0112380360
197,https://beacon.schneidercorp.com/Application.aspx?AppID=165&LayerID=2145&PageTypeID=4&PageID=1108&KeyValue=0112375420
198,https://beacon.schneidercorp.com/Application.aspx?AppID=165&LayerID=2145&PageTypeID=4&PageID=1108&KeyValue=0112375430
199,https://beacon.schneidercorp.com/Application.aspx?AppID=165&LayerID=2145&PageTypeID=4&PageID=1108&KeyValue=0112375465
200,https://beacon.schneidercorp.com/Application.aspx?AppID=165&LayerID=2145&PageTypeID=4&PageID=1108&KeyValue=0112380310
201,https://beacon.schneidercorp.com/Application.aspx?AppID=165&LayerID=2145&PageTypeID=4&PageID=1108&KeyValue=0112375530
202,https://beacon.schneidercorp.com/Application.aspx?AppID=165&LayerID=2145&PageTypeID=4&PageID=1108&KeyValue=0112380230
203,https://beacon.schneidercorp.com/Application.aspx?AppID=165&LayerID=2145&PageTypeID=4&PageID=1108&KeyValue=0112375550
204,https://beacon.schneidercorp.com/Application.aspx?AppID=165&LayerID=2145&PageTypeID=4&PageID=1108&KeyValue=0112375560
205,https://beacon.schneidercorp.com/Application.aspx?AppID=165&LayerID=2145&PageTypeID=4&PageID=1108&KeyValue=0112375640
206,https://beacon.schneidercorp.com/Application.aspx?AppID=165&LayerID=2145&PageTypeID=4&PageID=1108&KeyValue=0112345140
207,https://beacon.schneidercorp.com/Application.aspx?AppID=165&LayerID=2145&PageTypeID=4&PageID=1108&KeyValue=0112345200
208,https://beacon.schneidercorp.com/Application.aspx?AppID=165&LayerID=2145&PageTypeID=4&PageID=1108&KeyValue=0112345240
